Unnamed: 0,App,Category,Rating,Reviews,Size,Installs,Type,Price,Content Rating,Genres,Last Updated,Current Ver,Android Ver,Sentiment_Polarity
63,Free VIN Report for Used Cars,AUTO_AND_VEHICLES,4.6,2431,2.4,"100,000+",Free,0,Everyone,Auto & Vehicles,"June 12, 2018",1.37,4.0 and up,0.30857474747474745
104,Hairstyles step by step,BEAUTY,4.6,4369,14.0,"100,000+",Free,0,Everyone,Beauty,"July 25, 2018",1.9,4.0.3 and up,0.47091306584362136
247,Crew - Free Messaging and Scheduling,BUSINESS,4.6,4159,48.0,"500,000+",Free,0,Everyone,Business,"July 20, 2018",6.1.2,4.0.3 and up,0.4173319523358586
331,"Best Wallpapers Backgrounds(100,000+ 4K HD)",COMICS,4.7,3596,7.8,"10,000+",Free,0,Teen,Comics,"June 16, 2018",1.01,4.0.3 and up,0.30042929292929293
515,Dating for 50 plus Mature Singles – FINALLY,DATING,4.6,13046,13.0,"500,000+",Free,0,Mature 17+,Dating,"July 31, 2018",4.17.2,4.1 and up,0.3325396825396825
1164,Associated Credit Union Mobile,FINANCE,4.7,3290,12.0,"50,000+",Free,0,Everyone,Finance,"May 30, 2018",5.9.1.0,5.0 and up,0.3880928287981859
1245,EatStreet Food Delivery App,FOOD_AND_DRINK,4.6,7690,25.0,"100,000+",Free,0,Everyone,Food & Drink,"July 3, 2018",3.1.14,5.0 and up,0.3832653026403026
1256,Home Workout - No Equipment,HEALTH_AND_FITNESS,4.8,428156,15.0,"10,000,000+",Free,0,Everyone,Health & Fitness,"June 28, 2018",Varies with device,Varies with device,0.3383518564768565
1268,Home Workout for Men - Bodybuilding,HEALTH_AND_FITNESS,4.8,12705,15.0,"1,000,000+",Free,0,Everyone,Health & Fitness,"July 10, 2018",1.0.2,4.0 and up,0.5234495192307692
1280,Calorie Counter - EasyFit free,HEALTH_AND_FITNESS,4.7,50294,11.0,"1,000,000+",Free,0,Everyone,Health & Fitness,"July 9, 2018",3.0.7,4.1 and up,0.3480287178805847
1300,Couch to 10K Running Trainer,HEALTH_AND_FITNESS,4.6,10445,48.0,"500,000+",Free,0,Everyone,Health & Fitness,"July 2, 2018",112,4.4 and up,0.33737879109977326
1353,Best Ovulation Tracker Fertility Calendar App Glow,HEALTH_AND_FITNESS,4.6,56145,23.0,"1,000,000+",Free,0,Everyone,Health & Fitness,"August 1, 2018",7.3.4-play,5.0 and up,0.5953125
1354,"Eve Period Tracker - Love, Sex & Relationships App",HEALTH_AND_FITNESS,4.6,20326,28.0,"1,000,000+",Free,0,Teen,Health & Fitness,"August 4, 2018",2.9.18,4.1 and up,0.5050367080835831
1471,DIY On A Budget,HOUSE_AND_HOME,4.7,114,8.3,"10,000+",Free,0,Teen,House & Home,"February 18, 2018",2.1,4.1 and up,0.44806264074729985
1522,Chakra Cleansing,LIBRARIES_AND_DEMO,4.6,539,99.0,"50,000+",Free,0,Everyone,Libraries & Demo,"August 2, 2018",7,4.0.3 and up,0.42473518668831167
2066,Drawing for Kids Learning Games for Toddlers age 3,FAMILY,4.6,29436,43.0,"1,000,000+",Free,0,Everyone,Educational;Education,"March 21, 2018",2.0.5.0,4.1 and up,0.3866666666666666
2259,Diabetes & Diet Tracker,MEDICAL,4.6,395,19.0,"1,000+",Paid,$9.99,Everyone,Medical,"July 16, 2018",6.5.1,5.0 and up,0.36362731075231075
2322,1800 Contacts - Lens Store,MEDICAL,4.7,23160,26.0,"1,000,000+",Free,0,Everyone,Medical,"July 27, 2018",7.4.1,5.0 and up,0.3181447736291486
2323,Blood Pressure Log - MyDiary,MEDICAL,4.7,8348,2.6,"500,000+",Free,0,Everyone,Medical,"April 13, 2018",1.4.6,4.0 and up,0.32505491150053645
2330,Ada - Your Health Guide,MEDICAL,4.7,87418,14.0,"1,000,000+",Free,0,Everyone,Medical,"July 16, 2018",2.25.0,4.4 and up,0.3032562929106828
2350,Baritastic - Bariatric Tracker,MEDICAL,4.7,4318,12.0,"100,000+",Free,0,Everyone,Medical,"July 26, 2018",1.3.185,4.1 and up,0.41827673686267436
2526,BELONG Beating Cancer Together,MEDICAL,4.7,623,20.0,"50,000+",Free,0,Teen,Medical,"July 29, 2018",4.0.5,4.3 and up,0.35058287290195184
2771,ASOS,SHOPPING,4.7,181798,22.0,"10,000,000+",Free,0,Everyone,Shopping,"July 30, 2018",4.4.9,4.4 and up,0.31691663660413655
2803,FreePrints – Free Photos Delivered,PHOTOGRAPHY,4.8,109500,37.0,"1,000,000+",Free,0,Everyone,Photography,"August 2, 2018",2.18.2,4.1 and up,0.4461811075370103
2982,All Football - Latest News & Videos,SPORTS,4.6,152867,17.0,"10,000,000+",Free,0,Everyone,Sports,"August 3, 2018",3.0.5,4.1 and up,0.43206329477813854
2987,"All Football GO- Live Score, Games",SPORTS,4.6,1981,10.0,"100,000+",Free,0,Everyone,Sports,"June 21, 2018",2.9.9go,4.1 and up,0.5265151515151515
3083,365Scores - Live Scores,SPORTS,4.6,666521,25.0,"10,000,000+",Free,0,Everyone,Sports,"July 29, 2018",5.5.9,4.1 and up,0.4383116883116883
3229,DreamTrips,TRAVEL_AND_LOCAL,4.7,9971,22.0,"500,000+",Free,0,Teen,Travel & Local,"August 6, 2018",1.28.1,5.0 and up,0.3712767777565572
3298,Brightest Flashlight Free ®,TOOLS,4.7,1335799,3.8,"50,000,000+",Free,0,Everyone,Tools,"October 27, 2017",2.5.2,4.2 and up,0.4925714285714286
3301,CALCU™ Stylish Calculator Free,TOOLS,4.7,152692,11.0,"5,000,000+",Free,0,Everyone,Tools,"July 7, 2018",3.5.6,4.1 and up,0.3525981620718463
3363,Birds Sounds Ringtones & Wallpapers,PERSONALIZATION,4.6,5073,23.0,"1,000,000+",Free,0,Everyone 10+,Personalization,"September 25, 2017",1.1,4.0 and up,0.3507882882882883
3380,Goku Wallpaper Art,PERSONALIZATION,4.7,6342,38.0,"1,000,000+",Free,0,Everyone,Personalization,"July 13, 2018",1.8,4.1 and up,0.4643197278911565
3848,GPS Speedometer and Odometer,MAPS_AND_NAVIGATION,4.8,15865,3.3,"1,000,000+",Free,0,Everyone,Maps & Navigation,"August 3, 2018",10,4.1 and up,0.6875
3854,"GPS Speedometer, Distance Meter",MAPS_AND_NAVIGATION,4.6,16094,5.4,"1,000,000+",Free,0,Everyone,Maps & Navigation,"July 31, 2018",2.7.2,4.0 and up,0.3688950892857143
